Unnamed: 0,d
0,-0.1284551677925086
200,0.3309556454815001
400,0.5721576661647426
600,0.786197147222358
800,0.768168186126233
1000,0.6201425356899494
1200,0.3156383634348225
1400,0.1876368183812715
1600,0.0443195653250453
1800,-0.0654865923395721
2000,-0.1069368374483023
2200,-0.2193428089858013
2400,-0.3326725803117835
2600,-0.408741218573814
2800,-0.4814063692335563
3000,-0.5409575021575319
3200,-0.6336033751043187
3400,-0.6314604046255419
3600,-0.6114046931315281
3800,-0.6488198931471548
4000,-0.5639751592950835
4200,-0.6167625946548975
4400,-0.6216530120983484
4600,-0.6351318443476389
4800,-0.6611604467679364
5000,-0.7130307676997507
5200,-0.7493146108123119
5400,-0.7398313453885093
5600,-0.7020273662065419
5800,-0.7510397854170183
6000,-0.6494634255591987
6200,-0.6859327687662172
6400,-0.682426514766511
6600,-0.6997843122324452
6800,-0.7152049289332073
7000,-0.7270821557558194
7200,-0.7801952385148166
7400,-0.7524562352928478
7600,-0.7255248034247638
7800,-0.7416160763590156
8000,-0.6703087785870773
8200,-0.6813356006572455
8400,-0.6905055676620622
8600,-0.7105775358705954
8800,-0.6995204444930488
9000,-0.6673206680773955
9200,-0.6401646777953997
9400,-0.5124281049156789
9600,-0.2542553552490054
9800,0.1435133096747305
10000,0.461770460755518
10200,1.0459545652830942
10400,1.3553457005398046
10600,1.7757495563037122
10800,2.097258982481497
11000,2.429824667856457
11200,2.7812749886048724
11400,2.850769648487067
11600,3.072317289530451
11800,3.2421826152092845
12000,3.315663848600041
12200,3.317314409089113
12400,3.045499049685721
12600,2.716928769555598
12800,2.345571251627237
13000,1.96476449095188
13200,1.5862905259049829
13400,1.1017544994759856
13600,0.8524439210418009
13800,0.6164019403711604
14000,0.4142374723084037
14200,0.3432124568558413
14400,0.1519846060778675
14600,-0.0169605718178599
14800,-0.1555880934661158
15000,-0.2882543743915037
15200,-0.3667925705876683
15400,-0.4938667721901379
15600,-0.5255729778657197
15800,-0.5460969208539478
16000,-0.5878966387039779
16200,-0.5559757158038914
16400,-0.5897398404198017
16600,-0.6072233533578909
16800,-0.6360210200548081
17000,-0.6625947717492142
17200,-0.6786756418090445
17400,-0.749312329583971
17600,-0.7300515711188719
17800,-0.7082960105101739
18000,-0.7233563653355145
18200,-0.6716971221269442
18400,-0.661155104213472
18600,-0.6901198866681926
18800,-0.6953273668412735
19000,-0.7066167506358383
19200,-0.679083079327706
19400,-0.6371292860916903
19600,-0.4755876792596963
19800,-0.2192740884607109
20000,0.0715551368782385
20200,0.5164246465340985
20400,0.8100862796165293
20600,1.0922792818985103
20800,1.378347851136711
21000,1.7680045967778897
21200,1.855848246284671
21400,2.0976033432979904
21600,2.332773117150908
21800,2.601294362301004
22000,2.565316378174276
22200,2.5181747951211784
22400,2.229463221705882
22600,1.9258463914285844
22800,1.567770292808845
23000,1.2604592235361096
23200,0.8834588507613134
23400,0.6928558880721464
23600,0.5294126503148738
23800,0.3362858781075947
24000,0.2934710239229784
24200,0.093314535759309
24400,-0.0497450871553256
24600,-0.1752568927077969
24800,-0.2300030866326316
25000,-0.4298951955211778
25200,-0.5045021495969765
25400,-0.5266978993615725
25600,-0.5418608115826277
25800,-0.5941836018158447
26000,-0.5429031021801846
26200,-0.601384320474414
26400,-0.6377215739475058
26600,-0.675738544771667
26800,-0.6839784363213095
27000,-0.7408500901277392
27200,-0.7368706329012898
27400,-0.7287816719500829
27600,-0.7395223130958758
27800,-0.6989166275695152
28000,-0.6840090029888342
28200,-0.7004851675133383
28400,-0.7269596797360577
28600,-0.747896991759194
28800,-0.7284440273675471
29000,-0.7800226921604112
29200,-0.7770258811974003
29400,-0.758054245622992
29600,-0.7742936583048597
29800,-0.7063847984863247
30000,-0.7032816066195091
30200,-0.7221354649128522
30400,-0.7338512339626457
30600,-0.728201797592464
30800,-0.7129237954009428
31000,-0.7883253496673026
31200,-0.7726091244618546
31400,-0.7516628616035783
31600,-0.7288236287483754
31800,-0.6597798270944881
32000,-0.528104116829392
32200,-0.417269659945044
32400,-0.204071177203279
32600,0.0780701768071998
32800,0.4265377625540624
33000,0.651891254116405
33200,0.9265375115816116
33400,1.3142182686275057
33600,1.814654457466517
33800,2.139594603378011
34000,2.530139346865408
34200,2.5223554546411453
34400,2.372154808807433
34600,2.094090776162914
34800,1.858889009462157
35000,1.34157177571687
35200,1.108391861656002
35400,0.8702254981454072
35600,0.7016040246192478
35800,0.5142390986743094
36000,0.3856863675868668
36200,0.1400509856759724
36400,-0.0680619246568779
36600,-0.2210750167309905
36800,-0.3434906776603526
37000,-0.4890231857330871
37200,-0.5186246531713868
37400,-0.5243790481966248
37600,-0.5739265574330912
37800,-0.5096338239707858
38000,-0.5511114883754958
38200,-0.5865160349064644
38400,-0.6399753536982273
38600,-0.5862725121276555
38800,-0.6524168490795852
39000,-0.6281294426228955
39200,-0.6054510879976019
39400,-0.578196103460099
39600,-0.4882623426289519
39800,-0.5164104410092957
40000,-0.526850305854495
40200,-0.560611359110589
40400,-0.6933943543799002
40600,-0.7543384376849577
40800,-0.750634504437692
41000,-0.7379954212505622
41200,-0.6741624440900505
41400,-0.4688700199189802
41600,-0.2669933188176162
41800,0.0119226211994522
42000,0.2214861087891725
42200,0.5121417485831216
42400,0.8794784407362349
42600,1.3422513001627614
42800,1.6937996374884356
43000,2.219619896037936
43200,2.510660742176829
43400,2.818988799707482
43600,3.133678062257608
43800,3.028449513632061
44000,3.125868144052447
44200,3.148268278692801
44400,3.069275045393835
44600,2.811264769544912
44800,2.59208368112059
45000,2.2762880848650453
45200,1.951433905773792
45400,1.6819908547369486
45600,-0.05808676141312169
45800,0.06428345105033456
46000,0.10265947389712787
46200,0.012527259672749369
46400,-0.025248053693403827
46600,-0.035364977432720046
46800,-0.03923711723060369
47000,-0.03417545065038552
47200,-0.0175200293162604
47400,0.00763679413618451
47600,0.03936902727133473
47800,0.07679908133835667
48000,0.11752786367883844
48200,0.1606080541290375
48400,0.20357171666995705
48600,0.24439308811794452
48800,0.28097868164691014
49000,0.3139305967324358
49200,0.3422169937961292
49400,0.36610961684909354
49600,0.386715674084338
49800,0.4056028481302821
50000,0.4224730622938712
50200,0.4390538486218209
50400,0.455310997794177
50600,0.4712967118431946
50800,0.4865810190002398
51000,0.5016364403235509
51200,0.5156106772480391
51400,0.5283798657800107
51600,0.5401699573194334
51800,0.5504929091978867
52000,0.5598735989497468
52200,0.5689432387224296
52400,0.5780996759570276
52600,0.587526312763905
52800,0.596935188524305
53000,0.6072026178270313
53200,0.6176285837750533
53400,0.627946439005387
53600,0.6384782762348022
53800,0.6482699411577595
54000,0.6580392889397082
54200,0.6679936604927863
54400,0.6780328989592495
54600,0.6879868071806801
54800,0.6978150753037691
55000,0.7085331718553725
55200,0.7192968293522874
55400,0.7301262799431099
55600,0.7410482424194968
55800,0.7515473375458406
56000,0.760885786895861
56200,0.7693020518240012
56400,0.7755792689807404
56600,0.77879857448767
56800,0.7779506003512888
57000,0.7744319826002453
57200,0.7675551370700431
57400,0.7557684432960334
57600,-0.3296275879533928
57800,-0.1371443134962447
58000,0.2226645021500254
58200,0.4248771492665438
58400,0.6475911641125723
58600,0.8296265178054789
58800,1.0688865511631127
59000,0.922820145351046
59200,0.8771396995144052
59400,0.68385983841521
59600,0.5392942271050264
59800,0.5161850424451454
60000,0.3931286343472819
60200,0.2289348212861815
60400,0.0946238511622076
60600,0.0074241333672188
60800,-0.1882851257493479
61000,-0.3127197528767029
61200,-0.3900495397816622
61400,-0.3921902627450456
61600,-0.4808978583493437
61800,-0.4419082282241325
62000,-0.51414737289279
62200,-0.5751415950498624
62400,-0.6310164493843844
62600,-0.6464356952812554
62800,-0.7301081247537854
63000,-0.7302821981410097
63200,-0.7155172908393662
63400,-0.747733687171755
63600,-0.6858502123503522
63800,-0.7142129517281423
64000,-0.7188280761315784
64200,-0.7460717286089632
64400,-0.7695456537291759
64600,-0.7808155771680696
64800,-0.8397804786893288
65000,-0.8398082468124061
65200,-0.8028729152593987
65400,-0.8369162449276253
65600,-0.7488314983636052
65800,-0.7760004270374962
66000,-0.7669156663168775
66200,-0.7367646219261736
66400,-0.6535255519191582
66600,-0.5879950694280804
66800,-0.4865113178546547
67000,-0.2560093592305862
67200,0.0395419402218993
67400,0.248432465155869
67600,0.7096110442438529
67800,0.9472189477887832
68000,1.2512298511654851
68200,1.5880983376410551
68400,1.896364478889829
68600,1.9915691092361127
68800,2.224308128958263
69000,2.255435915209106
69200,2.012739500830271
69400,1.884698115756215
69600,1.5249476813994378
69800,1.2167841456966897
70000,0.8912719560590302
70200,0.6272335173378539
70400,0.3001282293834058
70600,0.1341953830495896
70800,0.0025999308448537
71000,-0.1188294294028769
71200,-0.1299521181541805
71400,-0.2275254737731135
71600,-0.3132808956975708
71800,-0.399869406185909
72000,-0.4426247195868231
72200,-0.5415810181249988
72400,-0.5605971118063028
72600,-0.5625048707872297
72800,-0.6016484194346553
73000,-0.5498613158274702
73200,-0.599760560269351
73400,-0.6530671969089048
73600,-0.7044541203931507
73800,-0.7171889410075606
74000,-0.8004163834828149
74200,-0.8062441223447258
74400,-0.7943799656754027
74600,-0.8200018332216115
74800,-0.7849013984089002
75000,-0.7664135572584339
75200,-0.788279969635884
75400,-0.8161567385361719
75600,-0.8086066259782456
75800,-0.8150160989931726
76000,-0.8645642248524388
76200,-0.8594792604576804
76400,-0.8419696121265006
76600,-0.8597609447260547
76800,-0.8265502716872662
77000,-0.8213549882846295
77200,-0.8207092867442187
77400,-0.8219222980654061
77600,-0.8440607541150424
77800,-0.8579104772176086
78000,-0.9050760037020577
78200,-0.8831465373180148
78400,-0.856733488591292
78600,-0.8784992441520202
78800,-0.8180056010151839
79000,-0.8040622798997223
79200,-0.7882715483569901
79400,-0.7582852762064586
79600,-0.6922658916525353
79800,-0.6077379252750079
80000,-0.5466800250962874
80200,-0.3422120888809333
80400,-0.0814341652086471
80600,0.1413118061491015
80800,0.5661037062233433
81000,0.734431566428161
81200,0.8900164177123399
81400,0.9098218802153536
81600,0.8320185184811979
81800,0.5052295489026539
82000,0.3483972105311126
82200,0.169840636057469
82400,0.0216952550094374
82600,-0.0677981853544233
82800,-0.1944872345527737
83000,-0.3345969652091977
83200,-0.4392971708932338
83400,-0.4796885351429241
83600,-0.633434467929068
83800,-0.6767606869725467
84000,-0.689324058311187
84200,-0.7207318624134676
84400,-0.7251703895220746
84600,-0.6784175042572685
84800,-0.7404132939393938
85000,-0.759099897202659
85200,-0.7592535344279197
85400,-0.8539034603161376
85600,-0.877232502943318
85800,-0.8737686463596346
86000,-0.8515650720017677
86200,-0.8695182398223835
86400,-0.7959959877120811
86600,-0.8417200031273204
86800,-0.8362121541663021
87000,-0.8492780771031518
87200,-0.8918928208347008
87400,-0.9198977751557208
87600,-0.9135606713659932
87800,-0.863020211615806
88000,-0.9108258252979954
88200,-0.834616417146467
88400,-0.880178923044569
88600,-0.8636437097671147
88800,-0.902945456990585
89000,-0.898128971165372
89200,-0.9520408925416832
89400,-0.9477449244886348
89600,-0.9053587105145928
89800,-0.9179411957384794
90000,-0.8535113161478944
90200,-0.8768046181907184
90400,-0.8773725972293748
90600,-0.8839710332054026
90800,-0.8686436450925328
91000,-0.901652505490692
91200,-0.8327327497630332
91400,-0.743275977814945
91600,-0.6216538004830567
91800,-0.4199375856757008
92000,-0.2302630838720885
92200,-0.0770451817664628
92400,0.0939137515509904
92600,0.2824284244851161
92800,0.2809752109615923
93000,0.4623299600804424
93200,0.6142086031401213
93400,0.7742432131095521
93600,0.9234769575434768
93800,0.8264735648617385
94000,0.6150381605426211
94200,0.4095392429096486
94400,0.2649449126537358
94600,-0.0264764881114642
94800,-0.1399672537703565
95000,-0.2624427709954837
95200,-0.3299252285296705
95400,-0.3527789343807054
95600,-0.3838639001795373
95800,-0.4596320027411166
96000,-0.529465306372095
96200,-0.548395089561003
96400,-0.6711965031274463
96600,-0.7224531489178645
96800,-0.7317130078261321
97000,-0.7473711957124836
97200,-0.7481122077799528
97400,-0.7236162723476618
97600,-0.7547244170138083
97800,-0.7695386465691831
98000,-0.7824840332774592
98200,-0.839740138701355
98400,-0.8811618746266842
98600,-0.8758824322041001
98800,-0.8296133767434486
99000,-0.8503563326658021
99200,-0.7266226074381196
99400,-0.7135263342021159
99600,-0.6439595693801851
99800,-0.5635871237343214
100000,-0.4819092915818494
100200,-0.3851240855871348
100400,-0.1628661132867337
100600,0.1312352588306927
100800,0.3556613685641414
101000,0.801213909969728
101200,1.0231483768164658
101400,1.3171620061000469
101600,1.609567970691534
101800,1.7737715643765262
102000,1.870461571462903
102200,1.982281151083573
102400,2.0494858271458813
102600,1.7936804886681164
102800,1.671319069636549
103000,1.2792748943017516
103200,0.9885762118589996
103400,0.7520977644484649
103600,0.3738243476037646
103800,0.1751800180945799
104000,0.0070944547746309
104200,-0.0870861399092323
104400,-0.1757315007571252
104600,-0.190792890783759
104800,-0.3067780338731318
105000,-0.3959515791243193
105200,-0.4542961725140385
105400,-0.5758936449642844
105600,-0.5991018481332269
105800,-0.6081008122546386
106000,-0.6478321080160294
106200,-0.613644281753538
106400,-0.6208757751712529
106600,-0.6573238491813259
106800,-0.6883661108909199
107000,-0.6653819664782361
107200,-0.7583804754859269
107400,-0.7971435634352173
107600,-0.8099026806598161
107800,-0.7969288641554922
108000,-0.7952997292811608
108200,-0.7034639639116373
108400,-0.7062495237226551
108600,-0.6559563054948251
108800,-0.5905744077654259
109000,-0.509955018577846
109200,-0.4536601883157024
109400,-0.3059620744256342
109600,-0.0650452148022111
109800,0.0906490642092784
110000,0.4838035089485565
110200,0.6467412392626212
110400,0.8497863744490887
110600,0.9847237448853638
110800,1.1050992087522942
111000,1.00303224234744
111200,0.9143788251707782
111400,0.7912297959273796
111600,0.5396094240009203
111800,0.4526334506785284
112000,0.1667585941653601
112200,-0.0415635288048138
112400,-0.199209870649214
112600,-0.3507901525744734
112800,-0.4869267359698472
113000,-0.5331734170834386
113200,-0.5406126371149241
113400,-0.610349047154677
113600,-0.5612710823690261
113800,-0.6388636191134442
114000,-0.6630561920780935
114200,-0.6584344725798184
114400,-0.7521831566973395
114600,-0.7945704342058186
114800,-0.8040062505054725
115000,-0.7784406105071805
115200,-0.824638681228482
115400,-0.7680657013812106
115600,-0.8210496071788466
115800,-0.849707158768765
116000,-0.8602675769760847
116200,-0.9213545250483702
116400,-0.9065594624598732
116600,-0.8707399888054461
116800,-0.8276469767280431
117000,-0.7122026144320884
117200,-0.601642276511399
117400,-0.5100313743191737
117600,-0.3663461042754867
117800,-0.1610045736289615
118000,-0.0545342773164433
118200,0.2332664351603224
118400,0.5226776684311196
118600,0.8010663891417633
118800,1.2433041719401052
119000,1.4515512171428393
119200,1.6261766523750996
119400,1.6545899669052142
119600,1.4739830897119497
119800,1.1213227307159903
120000,0.9007638180649158
120200,0.7105786567045129
120400,0.4463739626273222
120600,0.3832623997848722
120800,0.1598788442323261
121000,-0.0032212173358319
121200,-0.1250601441257375
121400,-0.2785225859850188
121600,-0.4140032543594091
121800,-0.4754467117237154
122000,-0.4764833085729598
122200,-0.5725747675335024
122400,-0.518071960729512
122600,-0.5986534000861675
122800,-0.6452743941626755
123000,-0.6506438591757027
123200,-0.7234115213846676
123400,-0.7745301199988277
123600,-0.7828376471646487
123800,-0.7585726777478459
124000,-0.7996141370014649
124200,-0.7142491999931769
124400,-0.7837579478476381
124600,-0.80884518860374
124800,-0.8634450679317305
125000,-0.8825979659313743
125200,-0.9403120154590466
125400,-0.92194767112232
125600,-0.8585752120013337
125800,-0.8290109915412842
126000,-0.6791546181653074
126200,-0.5894820205933096
126400,-0.4612753102277112
126600,-0.2927828310459032
126800,-0.0419684803543634
127000,0.0198790279183407
127200,0.2575569544822338
127400,0.4940790415639805
127600,0.8209344483753557
127800,1.1569430337327131
128000,1.4437357160581066
128200,1.5348582651295657
128400,1.4067289549693658
128600,1.2240982885031977
128800,0.7555329355876371
129000,0.4290345544799986
129200,0.1618761979529105
129400,-0.0102169298357378
129600,-0.1796726870462328
129800,-0.2557744516128999
130000,-0.4012740805615475
130200,-0.4968670639155795
130400,-0.5561310420811287
130600,-0.6928347253462174
130800,-0.75121227027273
131000,-0.7827164801390181
131200,-0.7965249098104958
131400,-0.8067451856047906
131600,-0.7858429873816004
131800,-0.8437511143946939
132000,-0.8562037723369094
132200,-0.8555378486701047
132400,-0.9170069252359796
132600,-0.8879709679502307
132800,-0.8165873705427813
133000,-0.7004253751272338
133200,-0.5509120304474541
133400,-0.3158799921164177
133600,-0.1553456227046334
133800,0.0241284105481982
134000,0.2593588827983154
134200,0.3817739972871261
134400,0.7106077843711368
134600,1.014336794929816
134800,1.335527316017873
135000,1.8189379241922128
135200,2.122707378200521
135400,2.409779385473421
135600,2.6402100526683507
135800,2.758337614586402
136000,2.4523203826528515
136200,2.174288518973474
136400,1.892838703965584
136600,1.5347807116838093
136800,1.4017153207063089
137000,1.0074064746977094
137200,0.6945335027218966
137400,0.4139356495574308
137600,0.0949188417571348
137800,-0.0880219612728253
138000,-0.2186178056553313
138200,-0.3122989419973913
138400,-0.3476994056773279
138600,-0.3968425246100038
138800,-0.4849736502446015
139000,-0.5473361604117004
139200,-0.6194883358755933
139400,-0.6934048960413817
139600,-0.7044940885934172
139800,-0.6812172701272352
140000,-0.7369487601484563
140200,-0.6480031351304438
140400,-0.6526136375310433
140600,-0.5645062374477601
140800,-0.4271172796866111
141000,-0.3205456672148096
141200,-0.1539252398765952
141400,0.1034424703420798
141600,0.4988083875418138
141800,0.8138618550395349
142000,1.2893096029639952
142200,1.5096441961193765
142400,1.7802656817490907
142600,2.0315398864645045
142800,1.9592180337812868
143000,2.012587060923364
143200,1.8632781683950708
143400,1.6550299908643962
143600,1.501856730220471
143800,1.199967308916921
144000,0.847486299589795
144200,0.5203032054842558
144400,0.2588554549314253
144600,-0.0337298927927947
144800,-0.1702277833671248
145000,-0.2543467733587033
145200,-0.3684379643435589
145400,-0.3323052874984412
145600,-0.4458805098109781
145800,-0.5015161578116026
146000,-0.5637803208162533
146200,-0.6236069272301242
146400,-0.7034217788251319
146600,-0.7048200445519812
146800,-0.6827549400121544
147000,-0.7233875442715926
147200,-0.6640064929265067
147400,-0.735921896209416
147600,-0.7522492007759101
147800,-0.8074792525853206
148000,-0.8087529397506948
148200,-0.838801334301333
148400,-0.7580940258931841
148600,-0.6476209912523696
148800,-0.5347958729765587
149000,-0.2829688051323782
149200,-0.0474145671599249
149400,0.1887021979924981
149600,0.4358661233073305
149800,0.7248468652626672
150000,0.8236321194137813
150200,1.1565296059469126
150400,1.4235955492730734
150600,1.6775345935840351
150800,2.085135622131689
151000,2.2045134506128283
151200,2.147097049387286
151400,1.9762039145262853
151600,1.5617555843580784
151800,1.2231719323707644
152000,0.9217723333990712
152200,0.750217777233811
152400,0.5099256204926971
152600,0.4007084477190099
152800,0.1606024644632865
153000,-0.0226087062771685
153200,-0.1525098728830556
153400,-0.3159113586846335
153600,-0.3690804285603541
153800,-0.4019606708542824
154000,-0.4616498189190306
154200,-0.4115381944457321
154400,-0.4723111232424268
154600,-0.530079823293047
154800,-0.5536780217968267
155000,-0.6403435967035848
155200,-0.6975299980980317
155400,-0.704241229329074
155600,-0.6904155906479154
155800,-0.7180969890168747
156000,-0.6709835212015699
156200,-0.7315581739780193
156400,-0.7579083866710116
156600,-0.7933515197101786
156800,-0.863618988974093
157000,-0.8695125244895627
157200,-0.8624932140463928
157400,-0.866592078905524
157600,-0.7946727142557816
157800,-0.7238906413197127
158000,-0.6745995008103354
158200,-0.569796759588384
158400,-0.3899391476566122
158600,-0.3044818364546526
158800,-0.1505613596932032
159000,0.0941281302889728
159200,0.4412484628341674
159400,0.7316946627867047
159600,1.143493131755526
159800,1.352218622816287
160000,1.599604027264902
160200,1.855121617777796
160400,1.9753512034068097
160600,1.872293477127735
160800,1.6775310281240954
161000,1.5358119401107475
161200,1.2144626347243823
161400,1.1353843247843245
161600,0.775811117480883
161800,0.4914282487831911
162000,0.2322745767103069
162200,-0.032646765102275044
162400,-0.025411146433230558
162600,-0.034941839805882724
162800,-0.033353114198484746
163000,-0.02053234140978777
163200,-0.0012750812106148146
163400,0.02340497397682534
163600,0.052191807830503034
163800,0.0834476201993839
164000,0.11653756950481492
164200,0.14929241419638334
164400,0.18150616474592246
164600,0.21160843575707072
164800,0.23849997289676322
165000,0.2619412337033796
165200,0.28122586908071007
165400,0.2956503871443695
165600,0.3042934529138314
165800,0.3079970944360039
166000,0.30588638711702515
166200,0.30034555839162486
166400,0.2912977724283033
166600,0.2793994929492511
166800,0.26770314884645213
167000,0.2552219209332372
167200,0.24345198432046916
167400,0.23257380668474587
167600,0.2218942824927747
167800,0.2130992825539904
168000,0.2075919295401028
168200,0.2055226131816103
168400,0.2060305404998916
168600,0.20949290206676657
168800,0.21434537440825813
169000,0.22009875652682748
169200,0.22722649614400742
169400,0.23389785408866098
169600,0.24203534780904828
169800,0.25091919159118986
170000,0.26062212850370176
170200,0.27106809493449596
170400,0.28241060810268975
170600,0.29354863757057065
170800,0.3042007865843844
171000,0.3150795819956373
171200,0.3251375853938134
171400,0.33586996800454
171600,0.34675872504620847
171800,0.3583274212801942
172000,0.37008392127519246
172200,0.38241927694146954
172400,0.3939573932867378
172600,0.4042113859716943
172800,0.4130409427291682
173000,0.41862115464458344
173200,0.4211073922636462
173400,0.42035108057147635
173600,0.4160462662370165
173800,0.4075225083667176
174000,0.397216313649506
174200,-0.914070980467651
174400,-0.8893235157204767
174600,-0.8804409099346899
174800,-0.9094584145121614
175000,-0.9253309290876316
175200,-0.9494386916574464
175400,-0.9421317225069652
175600,-0.9711053747123396
175800,-0.9133539277068886
176000,-0.8135384968975716
176200,-0.7642188082097292
176400,-0.5754608104561043
176600,-0.4738857361373826
176800,-0.3259535985202366
177000,-0.1530497796399686
177200,0.093623537869506
177400,0.2154360875116112
177600,0.3257115205324661
177800,0.5083436554815046
178000,0.7842392951823587
178200,0.8869322657811526
178400,1.0771871181309554
178600,0.8501308242483917
178800,0.6219914253646885
179000,0.3997056674705975
179200,0.2206371535126763
179400,-0.0419859229402906
179600,-0.1678801950663234
179800,-0.2480820412324446
180000,-0.3403746181289921
180200,-0.3237590774938335
180400,-0.4266712585978798
180600,-0.4917493843858306
180800,-0.5508655237270415
181000,-0.5687377669461142
181200,-0.6451246031136009
181400,-0.7295046208621981
181600,-0.738400831670387
181800,-0.701224718379557
182000,-0.7644713254208009
182200,-0.6824965020789433
182400,-0.7322633532436058
182600,-0.7576871414822375
182800,-0.7837917418489583
183000,-0.7857464284881638
183200,-0.8291184884124096
183400,-0.871059640724635
183600,-0.8768683374651257
183800,-0.8386025351354589
184000,-0.8834761040962221
184200,-0.7887892932424024
184400,-0.8160211724785786
184600,-0.8134246972753512
184800,-0.7740639237457566
185000,-0.7319794211011856
185200,-0.650953358095422
185400,-0.6175489526030173
185600,-0.4421534810664705
185800,-0.2324680244894935
186000,0.0111740033428999
186200,0.3688721468278859
186400,0.609935320311446
186600,0.8584471650000006
186800,1.0811587125776103
187000,1.2746589610029733
187200,1.4441822493679994
187400,1.3212644144566987
187600,1.2756997503135552
187800,1.149658659246943
188000,0.9234119245191093
188200,0.8728518632195512
188400,0.6036572777808218
188600,0.3868484851763794
188800,0.1912613976994393
189000,0.0504933309309473
189200,-0.1563067188938501
189400,-0.3258692781805495
189600,-0.3992055116038469
189800,-0.3963575286049244
190000,-0.5012490415088949
190200,-0.4406246130779676
190400,-0.5109100977815405
190600,-0.5516878809510977
190800,-0.5968122434534042
191000,-0.6189264030139096
191200,-0.6997004160850521
191400,-0.7090126944749404
191600,-0.7176314972141129
191800,-0.7224785759833428
192000,-0.7080328187301265
192200,-0.6988843140012341
192400,-0.7172042936602295
192600,-0.7392149511450795
192800,-0.7254107694603631
193000,-0.8001187463524535
193200,-0.8269079949793116
193400,-0.8301145986522299
193600,-0.7959523510447676
193800,-0.8135494939538199
194000,-0.7734556915913918
194200,-0.8201039881080893
194400,-0.8263362431028797
194600,-0.8240014762343187
194800,0.17638024951062098
195000,-0.1604379385328949
195200,-0.2519648775428771
195400,-0.20922598876732243
195600,-0.1969579706337768
195800,-0.21249234174193168
196000,-0.22748803189372005
196200,-0.24121795790171846
196400,-0.25540138906493337
196600,-0.26977472828705873
196800,-0.2846598559245256
197000,-0.3003442692644434
197200,-0.3165800279590855
197400,-0.3326702715582679
197600,-0.34763495227429075
197800,-0.3604161922554617
198000,-0.3701216485338053
198200,-0.3698830713464499
198400,-0.36543451802117805
198600,-0.35689115060418425
198800,-0.3447880254469696
199000,-0.3304415884186119
199200,-0.3146155307330373
199400,-0.2982609757345927
199600,-0.2811925328479282
199800,-0.26486516962553075
200000,-0.25008683993275144
200200,-0.23633173957191994
200400,-0.22572995856925765
200600,-0.21716697195282625
200800,-0.21139658170170633
201000,-0.20885995676600683
201200,-0.2107276273305256
201400,-0.21528553657728755
201600,-0.222430149188621
201800,-0.233354293184847
202000,-0.24969974564697195
202200,-0.2688290877005375
202400,-0.2923036794275268
202600,-0.31282256274389253
202800,-0.3298871155752688
203000,-0.34317504249729036
203200,-0.3532187694890861
203400,-0.3583640626052588
203600,-0.3611680636860122
203800,-0.36247462514661544
204000,-0.36204476921089324
204200,-0.36191607884587373
204400,-0.35982581603582914
204600,-0.3564666374615192
204800,-0.351925620514396
205000,-0.3469665239775845
205200,-0.3404318343897513
205400,-0.33210800895160564
205600,-0.3234289481047992
205800,-0.3153029314954236
206000,-0.3056961552051983
206200,-0.29754851645228514
206400,-0.28815444799911133
206600,-0.2779791348195009
206800,-0.7783110648838711
207000,-0.618274273004287
207200,-0.5465878372141095
207400,-0.4036355765658007
207600,-0.1695427717273661
207800,0.1131619961345121
208000,0.3830519307176293
208200,0.5788114636273128
208400,0.938299687494196
208600,1.3678681788645457
208800,1.6497713300522363
209000,2.130860088889724
209200,2.282066848598231
209400,2.377853750856061
209600,2.2255470180449386
209800,2.03239152773254
210000,1.5985482355168217
210200,1.268951008026245
210400,0.9932871589926672
210600,0.8522155533784036
210800,0.6410282855174123
211000,0.5811981587619953
211200,0.3446434277177786
211400,0.1547305714943902
211600,-0.0134125690083126
211800,-0.1215328520174753
212000,-0.3271602384149523
212200,-0.3965957018458899
212400,-0.42402054538494
212600,-0.4708637015658302
212800,-0.4212580650973542
213000,-0.4973359145520682
213200,-0.5513645523970031
213400,-0.6026646207664335
213600,-0.5978475919062861
213800,-0.6987934741004381
214000,-0.7366680719552576
214200,-0.7465636454487504
214400,-0.7144327923204691
214600,-0.7733080742597414
214800,-0.7097880313231784
215000,-0.7488413965942955
215200,-0.7329250933736828
215400,-0.6531236265654573
215600,-0.4791650092690899
215800,-0.333558324500289
216000,0.0131966018964012
216200,0.3502626976736697
216400,0.7579273626179195
216600,1.2411737800351346
216800,1.7120341080196448
217000,2.075348221495546
217200,2.415218498241387
217400,2.756553223154434
217600,2.698402215302502
217800,2.7324274045646653
218000,2.567706221429193
218200,2.372238000156992
218400,2.149661080058076
218600,1.9471325375170805
218800,1.6127804405777937
219000,1.2581212314964525
219200,0.9475028127245876
219400,0.5573414163932991
219600,0.3671397684733208
219800,0.2268838866385225
220000,0.0949774418434629
220200,0.0682361173350113
220400,-0.0609502145339019
220600,-0.1805301279486521
220800,-0.2913159316469817
221000,-0.3764890662872819
221200,-0.5079888538485947
221400,-0.5271608953883701
221600,-0.5195036101303487
221800,-0.5703873414705053
222000,-0.4955375413651547
222200,-0.5774904666022447
222400,-0.6157026504453332
222600,-0.6693508493433629
222800,-0.6830710891885698
223000,-0.7349814080159901
223200,-0.6590560723291884
223400,-0.5080048194219264
223600,-0.3557006670091474
223800,3.919307473412206e-06
224000,0.274947405317357
224200,0.5902306443226638
224400,0.8694223285728625
224600,1.2318787155676527
224800,1.3849636210579142
225000,1.8266791474386503
225200,2.17453651549142
225400,2.495723828059474
225600,2.854735072605534
225800,2.823447058627183
226000,2.593133567628694
226200,2.299487545991387
226400,1.96567570700798
226600,1.5702098917671516
226800,1.2902665361646133
227000,1.1290406337387993
227200,0.902138566952426
227400,0.863784490307823
227600,0.6075132057289014
227800,0.4070944076501933
228000,0.2599542216793978
228200,0.0055838044088408
228400,-0.1429774523955848
228600,-0.2355027354869207
228800,-0.2751971604467286
229000,-0.3271441594898917
229200,-0.3147214548384965
229400,-0.3965886219392469
229600,-0.4556966223831966
229800,-0.5008571863599703
230000,-0.6015638117838208
230200,-0.6264604701499235
230400,-0.58511277927063
230600,-0.503809509978388
230800,-0.327502785109268
231000,-0.0384808708483225
231200,0.2096672796927278
231400,0.4937679382384618
231600,0.8233779833141937
231800,0.875691854148575
232000,1.155114959648366
232200,1.3858685583361106
232400,1.6693782969068955
232600,1.904091835519882
232800,2.008719075339079
233000,1.825222884972118
233200,1.5594171748759122
233400,1.3094146749118454
233600,0.9014700083088462
233800,0.7009302699603136
234000,0.4879223781422289
234200,0.3374261838020059
234400,0.26557099834268
234600,0.1221178015117586
234800,-0.0312371777648669
235000,-0.1799463080810913
235200,-0.2637569460204739
235400,-0.4026396912525606
235600,-0.4393641534931283
235800,-0.4544302822274478
236000,-0.5086072945757832
236200,-0.4504062122819854
236400,-0.502374806340487
236600,-0.5301136722107407
236800,-0.5664836718271419
237000,-0.5886924768872794
237200,-0.6661770581259959
237400,-0.6604912386252109
237600,-0.6564392705372237
237800,-0.6785887673590149
238000,-0.5942671155081221
238200,-0.5570474146264103
238400,-0.4873923090624651
238600,-0.3692712670278674
238800,-0.217079113372391
239000,-0.0061007573803843
239200,0.0820241369567051
239400,0.3336703796413467
239600,0.6271686589912078
239800,0.9071072145939502
240000,1.4011342694805926
240200,1.6364428044416104
240400,1.9265938132420937
240600,2.185949581985555
240800,2.4350644463907813
241000,2.697091136737112
241200,2.674924980141843
241400,2.834972334223248
241600,2.9759003439910825
241800,2.8854274634760952
242000,2.7667410342866035
242200,2.3960762826160096
242400,2.0705688640761166
242600,1.7362520251405391
242800,1.4506840495586766
243000,0.993595582013736
243200,0.6243875367464261
243400,0.3598792738598462
243600,0.1961071831155721
243800,-0.0498547309994704
244000,-0.0807370582726781
244200,-0.2229611688518505
244400,-0.3243523100223883
244600,-0.3986828177224802
244800,-0.4391819364010675
245000,-0.5756415205942647
245200,-0.6247746582955696
245400,-0.6541698453977597
245600,-0.6600561491599768
245800,-0.6747045053044145
246000,-0.6691200327298022
246200,-0.7134829296706449
246400,-0.7424439489828641
246600,-0.7522303545206571
246800,-0.7541044563543279
247000,-0.8473093180044511
247200,-0.847912342926561
247400,-0.8528809557756546
247600,-0.8542858121726629
247800,-0.8570532306756374
248000,-0.8268008566817341
248200,-0.8512298129076454
248400,-0.8625914385325925
248600,-0.8155516791569557
248800,-0.7019937200392176
249000,-0.7116242793206365
249200,-0.6055149797211907
249400,-0.4267726154105388
249600,-0.1360371945743335
249800,0.1369713016535342
250000,0.587950595146814
250200,0.8826442874667402
250400,1.2284389920528431
250600,1.5675153908588508
250800,1.844888480385244
251000,1.5879322220711822
251200,1.4756939982815158
251400,1.3050092375480846
251600,1.1943020127237245
251800,1.04361266469924
252000,0.8511107836714873
252200,0.6075295791177288
252400,0.4602912763992856
252600,0.309162273027733
252800,0.1559444238134103
253000,-0.0970074244865088
253200,-0.2364586349105815
253400,-0.3353587438467258
253600,-0.4121270957088966
253800,-0.4033274763196557
254000,-0.4722518948313111
254200,-0.5457062534482442
254400,-0.5803450053834115
254600,-0.6195276800424248
254800,-0.6896968535452846
255000,-0.7423550565064067
255200,-0.760922620495003
255400,-0.7266724190429558
255600,-0.7829126754850848
255800,-0.7108332123089569
256000,-0.7622575954273518
256200,-0.7768385659705846
256400,-0.7899081455684906
256600,-0.7781597578565286
256800,-0.8704753053143286
257000,-0.8842612301933623
257200,-0.869445772624189
257400,-0.8322099083331027
257600,-0.8242319488711553
257800,-0.7457796076249639
258000,-0.7634747381568111
258200,-0.738615997621738
258400,-0.7363661811227772
258600,-0.7587184788966368
258800,-0.8467362887782529
259000,-0.8815334797497862
259200,-0.8794189137015765
259400,-0.8294852521855992
259600,-0.8546063091013388
259800,-0.7485049966082237
260000,-0.7254559409343571
260200,-0.6305247745704833
260400,-0.5054905204559976
260600,-0.2774473377853759
260800,0.0512295671095064
261000,0.2135994655213575
261200,0.5916433526828214
261400,0.940112345886874
261600,1.288847750554198
261800,1.7350419298674002
262000,2.119617672486325
262200,2.3957971344715485
262400,2.683023192215269
262600,2.9978051688032514
262800,3.374031898529989
263000,3.456133170251701
263200,3.4012206931442948
263400,3.0351653521682
263600,2.674059088659286
263800,2.280619453321338
264000,2.062716969853625
264200,1.663530869186145
264400,1.314510484681115
264600,1.0352518376101398
264800,0.7755317324441674
265000,0.4378066355227065
265200,0.1778632977636666
265400,0.0049784243841351
265600,-0.0603668347117617
265800,-0.216508760910976
266000,-0.188081189228749
266200,-0.2979679031980144
266400,-0.401212767909937
266600,-0.4813882618697042
266800,-0.5499329752482659
267000,-0.6016573603891944
267200,-0.7151020768220303
267400,-0.7351280046332213
267600,-0.7382071469644521
267800,-0.7848368615299725
268000,-0.732871268249494
268200,-0.7792608607132944
268400,-0.8025127383548579
268600,-0.8397616934849632
268800,-0.8719662141073474
269000,-0.8799405190527408
269200,-0.9476519328739094
269400,-0.9364227861016832
269600,-0.9180506813788332
269800,-0.9442480960254276
270000,-0.8839376789970282
270200,-0.8817279675984351
270400,-0.867862006750175
270600,-0.8288134621185836
270800,-0.7815003061438753
271000,-0.6905278430262326
271200,-0.6665259169609894
271400,-0.4772085583552636
271600,-0.244853818812025
271800,-0.0070546513611992
272000,0.3836515238727887
272200,0.697331123169011
272400,0.9771310677536252
272600,1.250764964184691
272800,1.5453375574924582
273000,1.497463420053775
273200,1.47623304348893
273400,1.29038391970702
273600,1.1726900420353057
273800,0.942071971400799
274000,0.8123221645346479
274200,0.5245136133947778
274400,0.3120653486927916
274600,0.1418433051310214
274800,-0.1244795698676415
275000,-0.2738940368707001
275200,-0.3822943842612136
275400,-0.421532946598579
275600,-0.5120846546934462
275800,-0.4677216664311445
276000,-0.5280882152463523
276200,-0.5713974323175344
276400,-0.587709404587574
276600,-0.6785678327260309
276800,-0.7365490598656612
277000,-0.7515779432179965
277200,-0.7164999804379907
277400,-0.7739713807305862
277600,-0.709194714072151
277800,-0.7720226740974254
278000,-0.7773501659801341
278200,-0.7976396838064352
278400,-0.7948236186887204
278600,-0.88560289535278
278800,-0.867221619037199
279000,-0.8209592815345584
279200,-0.7188681656225774
279400,-0.6699968493297718
279600,-0.4419523196891359
279800,-0.3113741492059803
280000,-0.1270452195489333
280200,0.1049491969502254
280400,0.4161818578405494
280600,0.5230159540646668
280800,0.724075532773792
281000,0.9673922861832792
281200,1.3026793881919023
281400,1.4740016397779192
281600,1.6963619079547343
281800,1.4467094596535024
282000,1.1648307065544383
282200,0.8756420055088994
282400,0.616601375697943
282600,0.2912298789911152
282800,0.1109918527203047
283000,-0.0319146537232782
283200,-0.1322296173228817
283400,-0.1929562511243664
283600,-0.2868772141447092
283800,-0.3882919022714219
284000,-0.4598119970567126
284200,-0.5308560982316632
284400,-0.5799856129672403
284600,-0.6834439277753538
284800,-0.6771443699697961
285000,-0.6834427560173193
285200,-0.7234314793264612
285400,-0.6813252801080171
285600,-0.7343221275914205
285800,-0.7584348739275346
286000,-0.7907455625705101
286200,-0.8184330712876334
286400,-0.8365315936046075
286600,-0.9014526640237966
286800,-0.8839706024022651
287000,-0.859819742693209
287200,-0.8886538705426719
287400,-0.828520711842241
287600,-0.8230943777257186
287800,-0.7920044343780529
288000,-0.750623910246153
288200,-0.6995470726631692
288400,-0.5887948968734406
288600,-0.544751513820427
288800,-0.3519306388022802
289000,-0.1026553240585637
289200,0.1287953938020855
289400,0.4823263567753491
289600,0.6758213288990401
289800,0.8558543534682692
290000,1.0089447763533568
290200,1.110375770658802
290400,1.010796642043509
290600,0.688966160893575
290800,0.4927163788261339
291000,0.3536881626273624
291200,0.1591644730082601
291400,0.1165068719931705
291600,-0.0682667036088087
291800,-0.1966529515738687
292000,-0.3119427965021746
292200,-0.3838934543357186
292400,-0.4192099730336188
292600,-0.5758759057224935
292800,-0.6192857004410184
293000,-0.6579128921819287
293200,-0.6562632895090175
293400,-0.7026433265391457
293600,-0.6447751090587425
293800,-0.6829137068878331
294000,-0.7046398439447152
294200,-0.7202995435739794
294400,-0.7636568012999851
294600,-0.7752998567945066
294800,-0.8577627159303162
295000,-0.8456607669705473
295200,-0.8370969911702655
295400,-0.8654768303112127
295600,-0.8245805736906493
295800,-0.8480892648367823
296000,-0.8556427131451753
296200,-0.8373617380147202
296400,-0.7812799738792411
296600,-0.7154172987960903
296800,-0.6747887805514385
297000,-0.5983278104807643
297200,-0.4459536767826625
297400,-0.174395783887256
297600,-0.0009416088747833
297800,0.3942442765342965
298000,0.5607517625134882
298200,0.762405678258996
298400,0.9322990622432304
298600,1.090826769771824
298800,1.0340673699347174
299000,0.8475243797047985
299200,0.6532831098651342
299400,0.563251613342649
299600,0.3505296107326385
299800,0.3541200371730685
300000,0.1386158458342334
300200,-0.0082247732734125
300400,-0.1303634051489033
300600,-0.1884265505939887
300800,-0.3691306580827964
301000,-0.4594365862091276
301200,-0.5261847407437665
301400,-0.5320748838219791
301600,-0.5951329061839661
301800,-0.5284454039868713
302000,-0.5918745917074474
302200,-0.6259862684124274
302400,-0.6592806512493148
302600,-0.6524919440407009
302800,-0.7623850595700238
303000,-0.8156953709462831
303200,-0.8188227149270314
303400,-0.7768905834318215
303600,-0.8537168743366076
303800,-0.7615015070081194
304000,-0.8035234056206404
304200,-0.7987925316761869
304400,-0.750537594288135
304600,-0.650321508124014
304800,-0.6395647356830465
305000,-0.5377151200700983
305200,-0.331101932232947
305400,0.0049881846140701
305600,0.2465233925746429
305800,0.7245100700172591
306000,0.9516280911461824
306200,1.2531940339925962
306400,1.5332324602414176
306600,1.8493114885652528
306800,1.9115693631468065
307000,2.156618767420434
307200,2.296883592876715
307400,2.265915530338328
307600,2.126193613604352
307800,1.9185289321093544
308000,1.571226692439048
308200,1.265835435399581
308400,1.0009178549803546
308600,0.6417993493530046
308800,0.3309680080495906
309000,0.1326752380572517
309200,0.0383680671474113
309400,-0.1147444438226227
309600,-0.0829868275902226
309800,-0.2099896931282722
310000,-0.2929141976654884
310200,-0.3637453071141233
310400,-0.4132354288411666
310600,-0.5401209171969155
310800,-0.5795691826774028
311000,-0.5864312007946367
311200,-0.6087995816875349
311400,-0.6109271301868143
311600,-0.5838213570571099
311800,-0.6383935923787529
312000,-0.6602058458940706
312200,-0.6788771698694702
312400,-0.7282585427158362
312600,-0.7839746128398183
312800,-0.7802013571840803
313000,-0.692918620000839
313200,-0.6932539264014622
313400,-0.5143963178944081
313600,-0.4029599179072235
313800,-0.1366343412655838
314000,0.1295522277825697
314200,0.4462822588410874
314400,0.5644398758409754
314600,0.930960189728299
314800,1.2855689612475547
315000,1.6281017929200745
315200,2.1066736035446176
315400,2.38434700479478
315600,2.681542047010317
315800,2.958848032971834
316000,3.3944752944908525
316200,3.517032745217524
316400,3.812574724504503
316600,4.152292605495936
316800,4.397351157233922
317000,4.304378093727492
317200,3.697285568902864
317400,3.139903586822771
317600,2.625024744072156
317800,2.1182019085035684
318000,1.545745981667308
318200,1.1269920681850818
318400,0.8107420389409419
318600,0.4333273197298841
318800,0.3107481865271201
319000,0.0328631953399155
319200,-0.1574218463983665
319400,-0.2862499229906551
319600,-0.4574498336242837
319800,-0.5701546281697062
320000,-0.5996626629112294
320200,-0.588649074830096
320400,-0.673145591679335
320600,-0.6332955519846553
320800,-0.6958444055425307
321000,-0.7309581423359872
321200,-0.725219886079386
321400,-0.8161244630461022
321600,-0.8557669635681399
321800,-0.8464221838156075
322000,-0.8186384566208569
322200,-0.8707115180509447
322400,-0.802543586984939
322600,-0.8559570891566463
322800,-0.8431684044163352
323000,-0.7802626515131229
323200,-0.7600230173880361
323400,-0.6959493847801478
323600,-0.5373194746331983
323800,-0.2801500585965505
324000,-0.0681886558588091
324200,0.3432913093690687
324400,0.5731806102094545
324600,0.8870683303758793
324800,1.301247789207479
325000,1.4171048321520638
325200,1.81432607572947
325400,2.1311913709931027
325600,2.4530317894525293
325800,2.577812408749264
326000,2.392759086366299
326200,2.072127058189821
326400,1.7081406579831793
326600,1.2985080280562376
326800,0.9047050324775888
327000,0.6730114096159614
327200,0.5054223263570871
327400,0.2583627278809417
327600,0.1970912906493354
327800,-0.0212340997121732
328000,-0.201197191919196
328200,-0.3123662442652925
328400,-0.5048888960721349
328600,-0.5778915679648464
328800,-0.6094415049193124
329000,-0.6537101919994689
329200,-0.6569959473383484
329400,-0.6628819427467016
329600,-0.7197193531813081
329800,-0.7731526524259595
330000,-0.7859298318058324
330200,-0.8726064491355713
330400,-0.8612478538694316
330600,-0.8511630458237258
330800,-0.8824559883406032
331000,-0.8290133231615604
331200,-0.8361203667455844
331400,-0.7994359609114823
331600,-0.7564590644031151
331800,-0.664893004625303
332000,-0.6394749575881027
332200,-0.4785599215415069
332400,-0.270761538396349
332600,-0.0776987400595238
332800,0.2669786808205251
333000,0.3753240902821934
333200,0.3500247447947325
333400,0.3265556137584247
333600,0.3401084446947037
333800,0.2176912656501418
334000,0.2370605683476684
334200,0.2767678782704846
334400,0.3461940974301054
334600,0.3004322949198649
334800,-0.0480854948795962
335000,-0.2267910846266155
335200,-0.348705784626948
335400,-0.4470131219249613
335600,-0.598635274707552
335800,-0.668453415219673
336000,-0.656767722281082
336200,-0.7277738603333426
336400,-0.6534057690984142
336600,-0.6177088126683619
336800,-0.6176795155749235
337000,-0.5910020002457006
337200,-0.6775747487769888
337400,-0.7113136835991629
337600,-0.6980282949818044
337800,-0.6180030495815824
338000,-0.6043911040936198
338200,-0.5662253275248679
338400,-0.6433327651689895
338600,-0.6482866948257412
338800,-0.7468235817325204
339000,-0.7998907442693777
339200,-0.814194711539845
339400,-0.7943394285726225
339600,-0.8448384766656669
339800,-0.7720214025739857
340000,-0.8086376626915708
340200,-0.7826778007050897
340400,-0.8990632508401467
340600,-0.916516807018985
340800,-0.8930450568987673
341000,-0.8994098338974346
341200,-0.8693395485778919
341400,-0.8124706812124057
341600,-0.800596286493514
341800,-0.7098213653685668
342000,-0.676381596589857
342200,-0.580180057564762
342400,-0.3975474872377854
342600,-0.1088472590488132
342800,0.13630020319309
343000,0.5277216663141236
343200,0.7379301401438834
343400,0.940674984612898
343600,1.1547971950774814
343800,1.0679207652565956
344000,1.0275084059528037
344200,0.964405474528992
344400,0.7907571047215352
344600,0.8174545801630162
344800,0.5995900160742098
345000,0.4495799182413545
345200,0.2917364753662463
345400,0.0515287831748218
345600,-0.0756391940703427
345800,-0.173867368227229
346000,-0.2204969404802555
346200,-0.1844185117566833
346400,-0.2170295681375867
346600,-0.2708763685435506
346800,-0.3350534319757614
347000,-0.4144097347803585
347200,-0.5051914217600159
347400,-0.4639749717285787
347600,-0.3881042212495219
347800,-0.4044409928901997
348000,-0.3088040981014502
348200,-0.3505428361817773
348400,-0.3585572807933588
348600,-0.3942785967925784
348800,-0.4489821108471973
349000,-0.4443888642424546
349200,-0.416494539467061
349400,-0.4806233559414083
349600,-0.4147791350691348
349800,-0.4839811559183605
350000,-0.5023009597957516
199,-0.6229875631123012
399,-0.6559282813192158
599,-0.699815755579813
799,-0.706074456366594
999,-0.7694265038976073
1199,-0.75462207429574
1399,-0.7277450472564232
1599,-0.7326067729504578
1799,-0.6648469035913971
1999,-0.7017858079022063
2199,-0.7328117719960884
2399,-0.7487644152052552
2599,-0.86164572791892
2799,-0.8650457691895898
2999,-0.7818930361527597
3199,-0.6318598761864715
3399,-0.3661454190266106
3599,-0.087009888914485
3799,0.119578064997296
3999,0.4435968132626392
4199,0.4821539879908427
4399,0.7800933352712295
4599,1.057123414783373
4799,1.2905755282386118
4999,1.4908017993099394
5199,1.434034162365849
5399,1.2017449541686989
5599,1.0208343597010867
5799,0.6715264244922449
5999,0.4645013540845467
6199,0.3343506376807802
6399,0.1815434653523615
6599,0.1594813938938159
6799,0.0078266163391693
6999,-0.1392211046569021
7199,-0.2653103093204037
7399,-0.4354026829801795
7599,-0.4745914687891557
7799,-0.462342967930086
7999,-0.5321939566361343
8199,-0.473703173013687
8399,-0.5422887548477429
8599,-0.57158798542371
8799,-0.6626295601845109
8999,-0.7129309181199937
9199,-0.5841135298292206
9399,-0.008415871335858582
9599,-0.15408075805603721
9799,-0.17801801539101855
9999,-0.14491922417331948
10199,-0.12766178058555372
10399,-0.11960894141821327
10599,-0.11135760325100325
10799,-0.10407009143746843
10999,-0.0988308336979622
11199,-0.09399448143669736
11399,-0.08985926579061077
11599,-0.0867572604123728
11799,-0.08516150760832508
11999,-0.08404051529881074
12199,-0.08342104088645763
12399,-0.08181212174143426
12599,-0.07989315650246953
12799,-0.0764967038624138
12999,-0.07214034388219903
13199,-0.0673469849367005
13399,-0.06262219907499278
13599,-0.0572709502152528
13799,-0.0528533918466324
13999,-0.04813644401195705
14199,-0.04383332856020372
14399,-0.03818936993232308
14599,-0.03224802960885875
14799,-0.026343524151349662
14999,-0.019942327168004703
15199,-0.013431976970765258
15399,-0.0071685825415021
15599,-0.0005073020601759071
15799,0.0052829535353192125
15999,0.010998496902697663
16199,0.01553914704560011
16399,0.01757749740566905
16599,0.015766102330804
16799,0.010958187049388224
16999,0.001320541288165944
17199,-0.010866972971672606
17399,-0.02565010973029197
17599,-0.043384823525680294
17799,-0.06052365421175393
17999,-0.07771742830899547
18199,-0.09490303618595447
18399,-0.11066702673628487
18599,-0.12866711373262707
18799,-0.14452041145796196
18999,-0.1584426394050482
19199,-0.1693657795160385
19399,-0.17514317765832282
19599,-0.1781853746430969
19799,-0.17911568667428873
19999,-0.17904701706307147
20199,-0.17975842419643012
20399,-0.1797222843279458
20599,-0.1784734510947652
20799,-0.17579846374591016
20999,-0.17136993986163856
21199,-0.16488381804845248
21399,-0.1591915764018329
21599,-0.1551396639248221
21799,-0.1506185895440153
21999,-0.14831868846908225
22199,-0.14493370328729555
22399,-0.14126305483950324
22599,-0.13658195729103267
22799,-0.1303415943057341
22999,-0.12403323740120387
23199,-0.11829211426580094
23399,-0.11058818313431373
23599,-0.10450124084070589
23799,-0.09623820354940316
23999,-0.08718657579450662
24199,-0.07428946911692774
24399,-0.05996599596333607
24599,-0.04379908062927895
24799,-0.026848787312659383
24999,-0.00728109490983897
25199,0.012577878655209762
25399,0.03234561449672385
25599,0.0530283531195857
25799,0.07234924419831229
25999,0.09356137783911073
26199,0.11652513677228077
26399,0.14084248050187714
26599,0.16949147319050245
26799,0.19962795352160495
26999,0.22915677439735876
27199,0.2562004001502562
27399,-0.5270393298964361
27599,-0.5616791941966748
27799,-0.5226907978934858
27999,-0.6011247365786749
28199,-0.6373921385015909
28399,-0.7234355001273282
28599,-0.732966625192432
28799,-0.7029359050769852
28999,-0.7223774372416069
29199,-0.6744113359257351
29399,-0.7058112895567114
29599,-0.7348209770427262
29799,-0.7559696748090394
29999,-0.8236495413861138
30199,-0.8381177498434719
30399,-0.8024435729559248
30599,-0.800604291421192
30799,-0.772942905868844
30999,-0.777717281527892
31199,-0.8089386433186375
31399,-0.8085575039285035
31599,-0.7954478620693366
31799,-0.7817680830821331
31999,-0.5965765026065031
32199,-0.298017101120956
32399,-0.0521706628393533
32599,0.4072507735761892
32799,0.6544318762706681
32999,0.9364735558591196
33199,1.2469728347667957
33399,1.4505650207717602
33599,1.5135309278579667
33799,1.6257911648991843
33999,1.6860278451973103
34199,1.51890957053527
34399,1.550602307013623
34599,1.3378840806096366
34799,1.206307685853392
34999,1.0501359181417471
35199,0.7196113446271677
35399,0.4326314638414267
35599,0.3270235768448602
35799,0.2682804461645377
35999,0.151029580527215
36199,0.1253121056148017
36399,-0.0280924878453511
36599,-0.1499984104593158
36799,-0.2646969913805924
36999,-0.4151312912445125
37199,-0.4623858034261566
37399,-0.4708503814621548
37599,-0.4949257269796914
37799,-0.4525608100014515
37999,-0.4877733994262967
38199,-0.525836948567421
38399,-0.5374431054327184
38599,-0.5633724611964781
38799,-0.5806653580139115
38999,-0.5676674053518158
39199,-0.5277759068284096
39399,-0.5240942853833823
39599,-0.4309310468648579
39799,-0.4692870534023032
39999,-0.4710182307942147
40199,-0.6243522016601764
40399,-0.6893434009732555
40599,-0.6846910450738677
40799,-0.6835786285291493
40999,-0.6906423624818404
41199,-0.6719293658541483
41399,-0.729724028666845
41599,-0.7647944857629224
41799,-0.8509620473201975
41999,-0.8281234353465923
42199,-0.7957188732344717
42399,-0.8303564387731539
42599,-0.7800255715333138
42799,-0.8200835984376283
42999,-0.8302761851987162
43199,-0.8798130612925655
43399,-0.919889826261719
43599,-0.8911101641794201
43799,-0.7853589238582075
43999,-0.6843938636551169
44199,-0.3709335572446117
44399,-0.1495349262087407
44599,0.1231293910619368
44799,0.4257599175013355
44999,0.5888354572340397
45199,1.0519619992817557
45399,1.4726541526386936
45599,1.871156264279603
45799,2.286801010427435
45999,2.5207572415562427
46199,2.6481155514225865
46399,2.619907199200494
46599,2.326701409426321
46799,1.9858768003018343
46999,1.7869851866521775
47199,1.7060771606914689
47399,1.5381128063887322
47599,1.5526805323076385
47799,1.3255344731155416
47999,1.1081191585036791
48199,0.8622022423712328
48399,0.5494954389533878
48599,0.3306178062186344
48799,0.2298572528296328
48999,0.1226876713435175
49199,0.081391766687644
49399,0.0168909436305394
49599,-0.1181548475918037
49799,-0.2463683391881235
49999,-0.3244005659788296
50199,-0.4782602034304865
50399,-0.5239143777008884
50599,-0.5112007221474412
50799,-0.5744902447444421
50999,-0.5280001041931913
51199,-0.5730478991196359
51399,-0.6202196826501896
51599,-0.6765973467243769
51799,-0.6939181561010022
51999,-0.7774752236368028
52199,-0.7599424374990719
52399,-0.6914671620413956
52599,-0.6513514521431998
52799,-0.5024028240408522
52999,-0.3502523962374836
53199,-0.1936666482811302
53399,0.0493467967017408
53599,0.3712705966418818
53799,0.395262821977668
53999,0.6242031779367555
54199,0.8866271842919654
54399,1.1881548700797162
54599,1.3960482125783424
54799,1.4192287296762238
54999,1.2433778630793455
55199,1.0806500656368028
55399,0.9252983405316192
55599,0.5511722815787822
55799,0.3206316595159093
55999,0.166095992452204
56199,0.0262326085543214
56399,-0.0375681329655955
56599,-0.1144321680828155
56799,-0.234114470949621
56999,-0.3302398689325545
57199,-0.4258205094638271
57399,-0.5566257524901218
57599,-0.5728160159715638
57799,-0.543692115760334
57999,-0.6173926636717223
58199,-0.5478369132671552
58399,-0.617518388264743
58599,-0.6667227409997397
58799,-0.698877149716528
58999,-0.7820000563423981
59199,-0.7885167573294963
59399,-0.7711521763997521
59599,-0.7736759681252561
59799,-0.7458587474531111
59999,-0.7464451953049894
60199,-0.7823524621964992
60399,-0.7786724306833384
60599,-0.8686627297265875
60799,-0.8957136603019014
60999,-0.8656599410440194
61199,-0.8073907786101653
61399,-0.7976441620911142
61599,-0.6729100275296445
61799,-0.6160138018930466
61999,-0.4489066545516613
62199,-0.3064210791991498
62399,-0.2000686481021111
62599,0.0133874667507433
62799,0.3436903654640694
62999,0.6340654351473447
63199,1.1666666175946134
63399,1.3938589957294802
63599,1.6659993443172574
63799,1.9208709106826456
63999,1.894918771546648
64199,2.055129664268767
64399,2.262116915037594
64599,2.527501843545661
64799,2.877940187567781
64999,3.13314397481817
65199,3.1373053093204355
65399,2.914952364755119
65599,2.5195916416022848
65799,2.074185762306381
65999,1.798228582170238
66199,1.6269975258351932
66399,1.3090051380684038
66599,1.2489372717373703
66799,0.9075242346640724
66999,0.5878115072241659
67199,0.3071724793943185
67399,0.1044502325242605
67599,-0.1572040478381944
67799,-0.2810575325775493
67999,-0.3136993181494314
68199,-0.4033573835650903
68399,-0.3549577815947692
68599,-0.4591213708729108
68799,-0.5232484496898865
68999,-0.5822810496796158
69199,-0.624697979624178
69399,-0.7305444341325986
69599,-0.7532404605022782
69799,-0.7437939303440881
69999,-0.7523561668243447
70199,-0.744699484564414
70399,-0.717730245100201
70599,-0.6626344289504353
70799,-0.6804366078600678
70999,-0.691670335796398
71199,-0.7627286090048857
71399,-0.7917961958820792
71599,-0.7499791438639689
71799,-0.6915746444728104
71999,-0.7228125173850438
72199,-0.644035272421977
72399,-0.7091924853331734
72599,-0.7692409646359224
72799,-0.7722355737507212
72999,-0.8436320698397122
73199,-0.8386365691000802
73399,-0.8247690580033871
73599,-0.8456110097515094
73799,-0.8182052943763845
73999,-0.8340544497658117
74199,-0.8871694340234427
74399,-0.8884521031103072
74599,-0.9544657359049238
74799,-0.9310527252738764
74999,-0.8852419600150002
75199,-0.8808659704061453
75399,-0.7505569797123469
75599,-0.6476189877418368
75799,-0.5105156596485915
75999,-0.2816468076095239
76199,-0.147522851257498
76399,0.1753497539811679
76599,0.5142888198472971
76799,0.8446722348768578
76999,1.2800055069412262
77199,1.390916633178711
77399,1.3242770136661983
77599,1.0730276552706828
77799,0.7429543035276495
77999,0.5673163394766896
78199,0.4002741205694284
78399,0.163573480032254
78599,0.1138520061833632
78799,-0.0916938884380807
78999,-0.2719445376485827
79199,-0.4012962155137186
79399,-0.559939129617936
79599,-0.5977565444987241
79799,-0.5722607594106934
79999,-0.6450683164094746
80199,-0.5846767010528694
80399,-0.6386825896495141
80599,-0.6965226392331159
80799,-0.7173515827330861
80999,-0.8056455704750245
81199,-0.7951643118087226
81399,-0.7686563284005794
81599,-0.7862194179841334
81799,-0.7342098628913
81999,-0.7582913432053133
82199,-0.7909644253297278
82399,-0.8149526861456972
82599,-0.871461087323868
82799,-0.913234112365617
82999,-0.8813146324028602
83199,-0.7974241087076439
83399,-0.7974131403186848
83599,-0.6244502072076235
83799,-0.536530053234473
83999,-0.3890297195699451
84199,-0.2113621696473654
84399,-0.0134913608328066
84599,0.0436314414378545
84799,0.308966476445951
84999,0.6340885336666029
85199,0.8058491048112377
85399,1.198300564647994
85599,1.25801918486928
85799,1.2144657610791842
85999,1.1172492772440217
86199,0.7158632586701824
86399,0.4532037660443486
86599,0.2810938995065983
86799,0.1720011439093577
86999,0.032254088784916
87199,-0.0292167211174127
87399,-0.2053838123258037
87599,-0.330380894335869
87799,-0.4153039939729946
87999,-0.5561363314163333
88199,-0.6063931440605369
88399,-0.6136825082050218
88599,-0.6354836553251285
88799,-0.6313391656713155
88999,-0.6286405153378595
89199,-0.6770139412231614
89399,-0.7115279724857122
89599,-0.7655341813314362
89799,-0.8262719388172384
89999,-0.8179237876701844
90199,-0.7727817667748142
90399,-0.8171383498211077
90599,-0.7480019164143774
90799,-0.7882517168479314
90999,-0.7850207701154053
91199,-0.7895863423719586
91399,-0.7680385624917327
91599,-0.766502184626269
91799,-0.6511300874174032
91999,-0.4629431443675084
92199,-0.3201919117977368
92399,0.0162920764076852
92599,0.211314281667188
92799,0.4443168027326185
92999,0.6968980956923235
93199,0.8301444029214654
93399,0.8976995771700462
93599,1.070678423232904
93799,1.2963015201253831
93999,1.2455116954778942
94199,1.3149538954832651
94399,1.071482516762439
94599,0.8733200872447101
94799,0.6864461924837523
94999,0.3485492582600297
95199,0.1469499790978116
95399,0.0167774901726659
95599,-0.0932983037746802
95799,-0.1496724436031125
95999,-0.2126333955947235
96199,-0.3112646704021735
96399,-0.3999806853972776
96599,-0.4665483340034865
96799,-0.5876640706433511
96999,-0.6042043941575822
97199,-0.5809545035649107
97399,-0.6334050833092996
97599,-0.5600654309293679
97799,-0.6067048904399281
97999,-0.6386883149393966
98199,-0.631695623661657
98399,-0.7150379013429444
98599,-0.7500775462921874
98799,-0.6296431976211243
98999,-0.5993210438522473
99199,-0.5949253358903845
99399,-0.5701268834249716
99599,-0.5968916809041249
99799,-0.5702318244239063
99999,-0.6140515787552241
100199,-0.6625779783715435
100399,-0.6242489870897397
100599,-0.6038212646777041
100799,-0.6360521755518771
100999,-0.5969402292322846
101199,-0.6614103539344299
101399,-0.684183510400634
101599,-0.7729448419567123
101799,-0.8091129876942207
101999,-0.7996260235674176
102199,-0.8191820516061306
102399,-0.8020060630481896
102599,-0.7944432942396928
102799,-0.8248248383682606
102999,-0.8096127627796571
103199,-0.8363922630725271
103399,-0.7344924000180455
103599,-0.5782209367994903
103799,-0.3904342404888177
103999,-0.0529667377265263
104199,0.2179159087665438
104399,0.4942152806016566
104599,0.8374750228082803
104799,0.9211579563073464
104999,1.0747755192259114
105199,1.285786076162762
105399,1.5320795639739409
105599,1.624397304558669
105799,1.6131306186854233
105999,1.3676765674508191
106199,1.1501628301403213
106399,0.8853450799488973
106599,0.5548334266830778
106799,0.3590314434144926
106999,0.191591187869814
107199,-0.1054556364985321
107399,-0.096294686954148
107599,-0.2327858274909521
107799,-0.2709124239666067
107999,-0.328505317660654
108199,-0.3804952478684927
108399,-0.4951535150536725
108599,-0.4883346613315193
108799,-0.4368645057325375
108999,-0.4713012001912744
109199,-0.3384625492470975
109399,-0.3655944617214315
109599,-0.3821119741133916
109799,-0.4483115019025686
109999,-0.4409286264771182
110199,-0.6095843123059427
110399,-0.6157874150297438
110599,-0.6010856138999597
110799,-0.6257696272260875
110999,-0.5899025620828423
111199,-0.6309476884858686
111399,-0.6429740564005748
111599,-0.5949056195939738
111799,-0.441731285196241
111999,-0.4294261746078689
112199,-0.2358664903177628
112399,0.0251424529837949
112599,0.376935557864654
112799,0.7112281428587806
112999,1.1665359778141966
113199,1.4179870707640143
113399,1.6901193483820525
113599,1.992620515855812
113799,2.0732459790624183
113999,2.311856002657721
114199,2.469100026974802
114399,2.498314019403473
114599,2.492653335760733
114799,2.3450777472956097
114999,2.1220566128244096
115199,1.8994998956685207
115399,1.6460512483866094
115599,1.3262737445158082
115799,1.1001206586914574
115999,0.9727498217088936
116199,0.7869729390077606
116399,0.815583347614119
116599,0.6077864098586047
116799,0.4409663075836662
116999,0.2568074517908824
117199,0.0238997441056074
117399,0.0246189330771321
117599,0.0568847144753284
117799,0.0542405383652356
117999,0.1183923293102607
118199,0.1005632722594253
118399,-0.050724928248981
118599,-0.1307728726516531
118799,-0.1212811967423684
118999,-0.2094458421426629
119199,-0.0243454478110082
119399,0.2280766285217455
119599,0.3827431942303252
119799,0.664419566363102
119999,0.8375939804155407
120199,1.0379862310832555
120399,1.3262156919428632
120599,1.5819235386387622
120799,1.346857668071338
120999,1.3538796995921216
121199,1.0087443274389123
121399,0.866381563454431
121599,0.7857332962685255
121799,0.6334455492324754
121999,0.4439870521807805
122199,0.1865976713137287
122399,-0.0033349699755233
122599,-0.304467038731637
122799,-0.4566165593790802
122999,-0.5513480916487292
123199,-0.6400998368764099
123399,-0.6014685515455092
123599,-0.6752588755995929
123799,-0.6782162043217945
123999,-0.7281623304056843
124199,-0.8453367380341065
124399,-0.8611004043953379
124599,-0.8472748977427182
124799,-0.8960359150965248
124999,-0.8310922343756708
125199,-0.8729127618617135
125399,-0.8935938734633376
125599,-0.8941036232923669
125799,-1.009623031769701
125999,-1.0323410984051344
126199,-1.0269550216766294
126399,-1.0057984459512648
126599,-1.0209792016804569
126799,-0.9836998365960627
126999,-1.0091851535507546
127199,-1.003314506488926
127399,-0.8986353039359953
127599,-0.8819241960069387
127799,-0.6488987166562195
127999,-0.3897458327832358
128199,-0.1080712290774624
128399,0.2942959259985192
128599,0.6195837640065823
128799,0.966610734179768
128999,1.2698112239531478
129199,1.1601242223085435
129399,0.9078494332365024
129599,0.6855360095149384
129799,0.5536226119784379
129999,0.3548956141353597
130199,0.2511103177931137
130399,0.0172978031806754
130599,-0.1836431377228061
130799,-0.3124295741907494
130999,-0.523582605351914
131199,-0.5853893917781227
131399,-0.6179086355929837
131599,-0.6547274864069295
131799,-0.6280358976484146
131999,-0.6774800242623151
132199,-0.7280211439485791
132399,-0.7608420173711047
132599,-0.8651631081568731
132799,-0.9507454882881368
132999,-0.9635515430860316
133199,-0.9553180477769124
133399,-0.9793760709542406
133599,-0.9323307765082472
133799,-0.9615301261682248
133999,-0.9861620392305316
134199,-0.9644531431796046
134399,-1.0121966613234503
134599,-0.9077697821516189
134799,-0.7661666693924792
134999,-0.5713293157925982
135199,-0.3136269229582607
135399,0.0237743675952045
135599,0.2692271699184795
135799,0.5604505056637035
135999,0.8313198846293887
136199,0.9462965854710488
136399,1.2317434314694282
136599,1.513625939832597
136799,1.5999821847565716
136999,1.6489352844385063
137199,1.4810366138124855
137399,1.3090903856739229
137599,1.125290921569338
137799,0.9255873199013532
137999,0.925044849847034
138199,0.9294720373848252
138399,0.9782469085878788
138599,1.0419193710000143
138799,1.1558785192665264
138999,1.163880777236051
139199,1.1708645612886224
139399,0.829971700233794
139599,0.5298969902719721
139799,0.3179821218207529
139999,0.2337297260497865
140199,0.0464669279542992
140399,0.0229246977604364
140599,-0.1656746611875393
140799,-0.2923113860094354
140999,-0.5220650923059214
141199,-0.6378814439701688
141399,-0.6773600020663474
141599,-0.7186579152539417
141799,-0.7434503317577046
141999,-0.7573445388109054
142199,-0.8233321836323061
142399,-0.8425836011637066
142599,-0.932643458224784
142799,-0.9764920835613684
142999,-0.9605843338447502
143199,-0.9792572298486952
143399,-0.9642577888509064
143599,-0.9660043958547534
143799,-0.9957715302448792
143999,-1.0234059574938013
144199,-1.024375793795162
144399,-1.1014814830562454
144599,-1.098428446278556
144799,-1.0631611499494755
144999,-1.0559472875888116
145199,-1.025042133513277
145399,-1.0187183090468923
145599,-1.0277786641875026
145799,-1.0428699820155714
145999,-1.0350370762615402
146199,-1.0302988041886492
146399,-1.0715976471788349
146599,-1.1275570661196035
146799,-1.1131608428557993
146999,-1.0609404922160208
147199,-1.052009414135343
147399,-0.901553446228056
147599,-0.8254299355128197
147799,-0.693916601623016
147999,-0.5093000270237735
148199,-0.3079272743481379
148399,-0.1127209026991265
148599,-0.0032858136858604
148799,0.2989831287522688
148999,0.7214270261182957
149199,1.0331894924920275
149399,1.566106630044652
149599,1.8035680843784947
149799,1.877586293710168
149999,1.761320366598738
150199,1.4874123073017709
150399,1.104834420146259
150599,0.8431841440952171
150799,0.7234367088565258
150999,0.4563667573497048
151199,0.4050753851945115
151399,0.1548240073660767
151599,-0.0682866915967695
151799,-0.2426964305397335
151999,-0.4844761890722212
152199,-0.6066748802373094
152399,-0.6696929171398115
152599,-0.7541982646424525
152799,-0.778992465196871
152999,-0.816786460205722
153199,-0.875540097473561
153399,-0.7700911178288503
153599,-0.8584370851511547
153799,-0.9080639425385624
153999,-0.8884126173804525
154199,-0.8321953569603341
154399,-0.8175298965763134
154599,-0.7663394120267084
154799,-0.8068624013341799
154999,-0.8399347201203052
155199,-0.947611325817446
155399,-1.0128509306036724
155599,-1.0011354732265445
155799,-1.0230030699247974
155999,-1.0162229906954832
156199,-1.0063919884735937
156399,-1.0360178265193802
156599,-1.0845988047550206
156799,-1.1733559438646444
156999,-1.1706500042515102
157199,-1.12465946722745
157399,-1.1372978004773036
157599,-1.0200049752628428
157799,-0.9572178982365048
157999,-0.8385687658479456
158199,-0.7246751671611475
158399,-0.6149181540793442
158599,-0.3885628039883024
158799,-0.0609325186244465
158999,0.1816910746852199
159199,0.6593332381490581
159399,0.9319398430345844
159599,1.2637376737322736
159799,1.553791977323566
159999,1.4551459105712328
160199,1.3022620649344072
160399,1.0923222272830089
160599,0.8933015880038663
160799,0.7829759737026682
160999,0.5568111233003011
161199,0.2893871108963006
161399,0.043166961592496
161599,-0.1547104331323932
161799,-0.4273480685068192
161999,-0.5692465951605995
162199,-0.6356428047910992
162399,-0.7089847770454815
162599,-0.7221138355292677
162799,-0.7824621169316888
162999,-0.8485475054222744
163199,-0.8956718711826053
163399,-0.9218055083741716
163599,-1.026813396132569
163799,-1.079536141077115
163999,-1.0737096375395443
164199,-1.0784797339822574
164399,-1.1136543788786375
164599,-1.0858501549042463
164799,-1.1345633644286357
164999,-1.153289149610036
165199,-1.1324734529203089
165399,-1.0761948356669744
165599,-0.9392228697038376
165799,-0.8977225042548045
165999,-0.6703611133858386
166199,-0.4141525357965225
166399,-0.108976183486858
166599,0.2631861333028892
166799,0.6925337963703114
166999,1.0751904934542265
167199,1.5028649592701566
167399,1.8555138175671964
167599,1.999423422626038
167799,2.003650615212816
167999,1.810484703443603
168199,1.6683569983931703
168399,1.3958758303217242
168599,1.3140401780956543
168799,1.0270285029114086
168999,0.8055167622425864
169199,0.5943163934209946
169399,0.2442082770759088
169599,0.0681969706983781
169799,-0.0535496656561349
169999,0.1512425224640412
170199,0.2485865355409363
170399,0.2662611517162819
170599,0.2434124260261433
170799,0.2708336345245674
170999,0.1665934170258483
171199,0.0544640652840692
171399,0.0410716844155398
171599,-0.0259259989732291
171799,-0.1503955557907274
171999,-0.1719223849761515
172199,-0.3504702860501247
172399,-0.4797837497695374
172599,-0.6910893369792811
172799,-0.7899596521578087
172999,-0.8358647928609727
173199,-0.8828623049615646
173399,-0.9011291389226788
173599,-0.9263882581087868
173799,-0.9955824160391012
173999,-1.085516407721896
174199,-1.164927878198445
174399,-1.1431073479689295
174599,-1.0184705148631836
174799,-0.8896916944966543
174999,-0.5519012027949367
175199,-0.2992037019530668
175399,0.0412523391113401
175599,0.1228343121030067
175799,0.4662152845398822
175999,0.8565869552395097
176199,1.3083253820912606
176399,1.7047158033200591
176599,1.912307925340312
176799,1.760397417374474
176999,1.4858244488775447
177199,0.9990054874534816
177399,0.7180985411478881
177599,0.5211715413829741
177799,0.3122741306143827
177999,0.263572370096483
178199,0.03337990216871
178399,-0.1780491217984094
178599,-0.3580900755778943
178799,-0.5543180312226006
178999,-0.6692677155766383
179199,-0.7197597816983298
179399,-0.7647773713813025
179599,-0.7645862841710245
179799,-0.8104259319662498
179999,-0.8740124169370239
